<!-- This policy can be used to create or modify the standard HTTP request and response messages -->
<AssignMessage async="false" continueOnError="false" enabled="true" xmlns='http://www.sap.com/apimgmt'>
 
	<!-- Sets a new value to the existing parameter -->
	<Set>
		<Headers>
		     <Header name="Accept-Encoding">gzip,deflate</Header>
	     </Headers> 
	</Set>

	<IgnoreUnresolvedVariables>false</IgnoreUnresolvedVariables>
	<AssignTo createNew="false" type="request"></AssignTo>
	
</AssignMessage>