<!-- When using federation, this KVMP is no longer necessary -->

<!-- Key/value pairs can be stored, retrieved, and deleted from named existing maps by configuring this policy by specifying PUT, GET, or DELETE operations -->
<!-- mapIdentifier refers to the name of the key value map -->
<!-- Don't use Key Value Maps to store your logs as this can impact API Proxy runtime flow -->
<KeyValueMapOperations mapIdentifier="S4_BasicAuthProperties" async="true" continueOnError="false" enabled="true" xmlns="http://www.sap.com/apimgmt">

	<!-- GET the key value pair mentioned inside the element -->
    <Get assignTo="sapapim.basic_auth_username">
		<Key><Parameter>username</Parameter></Key>
	</Get>

    <Get assignTo="sapapim.basic_auth_password">
		<Key><Parameter>password</Parameter></Key>
	</Get>

	<!-- the scope of the key value map. Valid values are environment, organization, apiproxy and policy -->
	<Scope>environment</Scope>
</KeyValueMapOperations>



