<?xml version="1.0" encoding="UTF-8"?><PolicyTemplateContainer>
    <name>Cloud_Platform_APIKey_CompanyCode_Policy_Check</name>
    <version>1</version>
    <title>Validação de APIKey e respectivo "CompanyCode"</title>
    <description>Aplica policies para validação de um APIKey recebido com o respectivo "CompanyCode"</description>
    <proxyEndPointxml>&lt;preFlow&gt;&lt;name&gt;PreFlow&lt;/name&gt;&lt;request&gt;&lt;isRequest&gt;true&lt;/isRequest&gt;&lt;steps&gt;&lt;step&gt;&lt;policy_name&gt;readjwtproperties&lt;/policy_name&gt;&lt;condition&gt;&lt;/condition&gt;&lt;sequence&gt;3&lt;/sequence&gt;&lt;/step&gt;&lt;step&gt;&lt;policy_name&gt;readCachedKeys&lt;/policy_name&gt;&lt;condition&gt;&lt;/condition&gt;&lt;sequence&gt;4&lt;/sequence&gt;&lt;/step&gt;&lt;step&gt;&lt;policy_name&gt;getjwt&lt;/policy_name&gt;&lt;condition&gt;lookupcache.readCachedKeys.cachehit = false&lt;/condition&gt;&lt;sequence&gt;5&lt;/sequence&gt;&lt;/step&gt;&lt;step&gt;&lt;policy_name&gt;readapikey&lt;/policy_name&gt;&lt;condition&gt;&lt;/condition&gt;&lt;sequence&gt;1&lt;/sequence&gt;&lt;/step&gt;&lt;step&gt;&lt;policy_name&gt;apikey&lt;/policy_name&gt;&lt;condition&gt;&lt;/condition&gt;&lt;sequence&gt;2&lt;/sequence&gt;&lt;/step&gt;&lt;step&gt;&lt;policy_name&gt;cacheJWTKeys&lt;/policy_name&gt;&lt;condition&gt;lookupcache.readCachedKeys.cachehit = false&lt;/condition&gt;&lt;sequence&gt;6&lt;/sequence&gt;&lt;/step&gt;&lt;step&gt;&lt;policy_name&gt;checkjwt&lt;/policy_name&gt;&lt;condition&gt;&lt;/condition&gt;&lt;sequence&gt;7&lt;/sequence&gt;&lt;/step&gt;&lt;step&gt;&lt;policy_name&gt;setProxyHost&lt;/policy_name&gt;&lt;condition&gt; &lt;/condition&gt;&lt;sequence&gt;8&lt;/sequence&gt;&lt;/step&gt;&lt;/steps&gt;&lt;/request&gt;&lt;response&gt;&lt;isRequest&gt;false&lt;/isRequest&gt;&lt;steps&gt;&lt;/steps&gt;&lt;/response&gt;&lt;/preFlow&gt;&lt;postFlow&gt;&lt;name&gt;PostFlow&lt;/name&gt;&lt;request&gt;&lt;isRequest&gt;true&lt;/isRequest&gt;&lt;steps&gt;&lt;/steps&gt;&lt;/request&gt;&lt;response&gt;&lt;isRequest&gt;false&lt;/isRequest&gt;&lt;steps&gt;&lt;/steps&gt;&lt;/response&gt;&lt;/postFlow&gt;&lt;defaultFaultRule&gt;&lt;name&gt;defaultFaultRule&lt;/name&gt;&lt;steps&gt;&lt;/steps&gt;&lt;/defaultFaultRule&gt;&lt;postClientFlow&gt;&lt;name&gt;postClientFlow&lt;/name&gt;&lt;response&gt;&lt;steps&gt;&lt;/steps&gt;&lt;/response&gt;&lt;/postClientFlow&gt;</proxyEndPointxml>
    <life_cycle>
        <changed_by>arthur.silva.prestserv@ream.com.br</changed_by>
        <created_by>arthur.silva.prestserv@ream.com.br</created_by>
    </life_cycle>
    <targetEndPointxml>&lt;preFlow&gt;&lt;name&gt;PreFlow&lt;/name&gt;&lt;request&gt;&lt;isRequest&gt;true&lt;/isRequest&gt;&lt;steps&gt;&lt;step&gt;&lt;policy_name&gt;readbasicauthproperties&lt;/policy_name&gt;&lt;condition&gt;&lt;/condition&gt;&lt;sequence&gt;2&lt;/sequence&gt;&lt;/step&gt;&lt;step&gt;&lt;policy_name&gt;basicauthbackend&lt;/policy_name&gt;&lt;condition&gt;&lt;/condition&gt;&lt;sequence&gt;3&lt;/sequence&gt;&lt;/step&gt;&lt;step&gt;&lt;policy_name&gt;assignmessageencoding&lt;/policy_name&gt;&lt;condition&gt;&lt;/condition&gt;&lt;sequence&gt;1&lt;/sequence&gt;&lt;/step&gt;&lt;/steps&gt;&lt;/request&gt;&lt;response&gt;&lt;isRequest&gt;false&lt;/isRequest&gt;&lt;steps&gt;&lt;/steps&gt;&lt;/response&gt;&lt;/preFlow&gt;&lt;postFlow&gt;&lt;name&gt;PostFlow&lt;/name&gt;&lt;request&gt;&lt;isRequest&gt;true&lt;/isRequest&gt;&lt;steps&gt;&lt;/steps&gt;&lt;/request&gt;&lt;response&gt;&lt;isRequest&gt;false&lt;/isRequest&gt;&lt;steps&gt;&lt;step&gt;&lt;policy_name&gt;maskUrlFromResponse&lt;/policy_name&gt;&lt;condition&gt; &lt;/condition&gt;&lt;sequence&gt;1&lt;/sequence&gt;&lt;/step&gt;&lt;/steps&gt;&lt;/response&gt;&lt;/postFlow&gt;&lt;defaultFaultRule&gt;&lt;name&gt;defaultFaultRule&lt;/name&gt;&lt;steps&gt;&lt;/steps&gt;&lt;/defaultFaultRule&gt;&lt;postClientFlow&gt;&lt;name&gt;postClientFlow&lt;/name&gt;&lt;response&gt;&lt;steps&gt;&lt;/steps&gt;&lt;/response&gt;&lt;/postClientFlow&gt;</targetEndPointxml>
    <policies>
        <policy type="VerifyAPIKey">apikey</policy>
        <policy type="AssignMessage">readapikey</policy>
    </policies>
    <fileResources/>
</PolicyTemplateContainer>