<!-- Key/value pairs can be stored, retrieved, and deleted from named existing maps by configuring this policy by specifying PUT, GET, or DELETE operations -->
<!-- mapIdentifier refers to the name of the key value map -->
<!-- Don't use Key Value Maps to store your logs as this can impact API Proxy runtime flow -->
<KeyValueMapOperations async="false" mapIdentifier="CloudConnectorProperties" continueOnError="false" enabled="true" xmlns="http://www.sap.com/apimgmt">

	<!-- GET the key value pair mentioned inside the element -->
    <Get assignTo="sapapim.virtualhost">
		<Key><Parameter>virtualhost</Parameter></Key>
	</Get>

    <Get assignTo="sapapim.virtualport">
		<Key><Parameter>virtualport</Parameter></Key>
	</Get>
	
	<!-- the scope of the key value map. Valid values are environment, organization, apiproxy and policy -->
	<Scope>environment</Scope>	
</KeyValueMapOperations>