<!-- this policy lets you call to an external service from your API flow -->
<ServiceCallout async="false" continueOnError="false" enabled="true" xmlns="http://www.sap.com/apimgmt">

	<!-- The request that gets sent from the API proxy flow to the external service -->
	<Request/>

	<!-- the variable into which the response from the external service should be stored -->
	<Response>JWTKeys</Response>

	<!-- The time in milliseconds that the Service Callout policy will wait for a response from the target before exiting. Default value is 120000 ms -->
	<Timeout>30000</Timeout>

	<HTTPTargetConnection>
		<!-- The URL to the service being called -->
		<URL>https://{sapapim.token_keys}</URL>
	</HTTPTargetConnection>
</ServiceCallout>
