<!-- This policy can be used to create or modify the standard HTTP request and response messages -->
<AssignMessage async="false" continueOnError="false" enabled="true" xmlns='http://www.sap.com/apimgmt'>
 
	<!-- Sets a new value to the existing parameter -->
	<Add>
        <Headers>
            <Header name="x-company-code">{verifyapikey.apikey.apiproduct.CompanyCode}</Header>
        </Headers>
	</Add>
	<IgnoreUnresolvedVariables>true</IgnoreUnresolvedVariables>
	<AssignTo createNew="false" transport="http" type="request" />
</AssignMessage>